Covariants	Count	Max_count	Freq	Coverage_start	Coverage_end
C22295A(S:H245N) C22353A(S:A264D)	1053	1183	0.8901098901098901	22294	22355
G22111T(S:Q183H)	772	2055	0.375669099756691	22107	22133
(22193,3)(S:DEL212) T22200G(S:V213G) C22208T(S:L216F) C22295A(S:H245N)	589	678	0.8687315634218289	22193	22296
C24990T(S:P1143L) C25000T(S:D1146D)	496	677	0.7326440177252584	24987	25000
G22111T(S:Q183H) (22193,3)(S:DEL212) T22200G(S:V213G) C22208T(S:L216F)	467	500	0.934	22110	22211
G21941T(S:V127F) G21987A(S:G142D) (21990,3)(S:DEL144) T22032C(S:F157S) C22033A(S:F157S) A22034G(S:R158G)	466	1058	0.44045368620037806	21940	22042
G21941T(S:V127F) G21987A(S:G142D) (21990,3)(S:DEL144) (22000,1)(S:DEL147) T22032C(S:F157S) C22033A(S:F157S) A22034G(S:R158G)	458	1058	0.43289224952741023	21939	22034
C22353A(S:A264D)	434	1593	0.2724419334588826	22352	22366
G21941T(S:V127F) G21987A(S:G142D) (21990,3)(S:DEL144)	301	1652	0.18220338983050846	21931	21993
G21941T(S:V127F) G21987A(S:G142D) (21990,3)(S:DEL144) (22000,1)(S:DEL147)	265	1641	0.1614868982327849	21929	22003
(22030,1)(S:DEL157) (22034,'G')(S:INS159) G22111T(S:Q183H)	206	501	0.4111776447105788	22023	22147
G22111T(S:Q183H) A22194T	169	694	0.24351585014409222	22100	22194
C22208T(S:L216F) C22295A(S:H245N)	160	919	0.17410228509249184	22206	22302
C25207T(S:Y1215Y)	152	182	0.8351648351648352	25204	25210
G24954A(S:G1131E) C24990T(S:P1143L) C25000T(S:D1146D)	133	461	0.2885032537960954	24947	25000
(22193,3)(S:DEL212) T22200G(S:V213G) C22208T(S:L216F)	131	1241	0.10556003223207092	22193	22212
G22992A(S:S477N) C22995A(S:T478K) T23005A(S:N481K) (23007,3)(S:DEL483) G23012A(S:E484K) T23018C(S:F486P) T23019C(S:F486P) A23055G(S:Q498R) A23063T(S:N501Y) T23075C(S:Y505H)	131	236	0.5550847457627118	22979	23081
C24223T(S:T887T)	117	119	0.9831932773109243	24221	24277
T22032C(S:F157S) C22033A(S:F157S) A22034G(S:R158G) G22111T(S:Q183H)	100	545	0.1834862385321101	22003	22116
G21987A(S:G142D) (21990,3)(S:DEL144) T22032C(S:F157S) C22033A(S:F157S) A22034G(S:R158G)	95	1360	0.06985294117647059	21978	22049
G21987A(S:G142D) (21990,3)(S:DEL144) (22000,1)(S:DEL147) T22032C(S:F157S) C22033A(S:F157S) A22034G(S:R158G)	77	1360	0.05661764705882353	21980	22042
G21987A(S:G142D) (21990,3)(S:DEL144) T22032C(S:F157S) C22033A(S:F157S) A22034G(S:R158G) G22111T(S:Q183H)	75	144	0.5208333333333334	21980	22111
C25000T(S:D1146D)	71	732	0.09699453551912568	24997	25021
A24424T(S:Q954H) T24469A(S:N969K)	68	136	0.5	24422	24503
T22942A(S:N460K) G22992A(S:S477N) C22995A(S:T478K) T23005A(S:N481K) (23007,3)(S:DEL483) G23012A(S:E484K) T23018C(S:F486P) T23019C(S:F486P) A23055G(S:Q498R) A23063T(S:N501Y) T23075C(S:Y505H)	64	124	0.5161290322580645	22940	23075
C24378T(S:S939F) A24424T(S:Q954H)	61	135	0.45185185185185184	24361	24424
T22882G(S:N440K) G22895C(S:V445H) T22896A(S:V445H) G22898A(S:G446S) A22910G(S:N450D) C22916T(S:L452W) T22917G(S:L452W) T22926C(S:L455S) T22928C(S:F456L) T22942A(S:N460K)	60	235	0.2553191489361702	22856	22951
A22786C(S:R408S) G22813T(S:K417N) T22882G(S:N440K) G22895C(S:V445H) T22896A(S:V445H) G22898A(S:G446S) A22910G(S:N450D) C22916T(S:L452W) T22917G(S:L452W)	58	87	0.6666666666666666	22778	22920
C24378T(S:S939F)	54	187	0.2887700534759358	24328	24378
G21987A(S:G142D) (21990,3)(S:DEL144) (22000,1)(S:DEL147) T22032C(S:F157S) C22033A(S:F157S) A22034G(S:R158G) G22111T(S:Q183H)	50	144	0.3472222222222222	21979	22111
T22882G(S:N440K) G22895C(S:V445H) T22896A(S:V445H) G22898A(S:G446S) A22910G(S:N450D) C22916T(S:L452W) T22917G(S:L452W) T22926C(S:L455S) T22928C(S:F456L) T22942A(S:N460K) G22992A(S:S477N) C22995A(S:T478K)	50	99	0.5050505050505051	22880	22995
C24378T(S:S939F) A24424T(S:Q954H) T24469A(S:N969K)	46	62	0.7419354838709677	24377	24469
T22926C(S:L455S) T22928C(S:F456L) T22942A(S:N460K) G22992A(S:S477N) C22995A(S:T478K) T23005A(S:N481K) (23007,3)(S:DEL483) G23012A(S:E484K) T23018C(S:F486P) T23019C(S:F486P) A23055G(S:Q498R) A23063T(S:N501Y)	45	63	0.7142857142857143	22920	23067
A23403G(S:D614G) C23423T(S:P621S)	44	66	0.6666666666666666	23400	23423
G22813T(S:K417N) T22882G(S:N440K) G22895C(S:V445H) T22896A(S:V445H) G22898A(S:G446S) A22910G(S:N450D) C22916T(S:L452W) T22917G(S:L452W) T22926C(S:L455S) T22928C(S:F456L) T22942A(S:N460K)	42	58	0.7241379310344828	22811	22942
(22034,'G')(S:INS159) G22111T(S:Q183H)	41	665	0.061654135338345864	22033	22180
G24954A(S:G1131E)	38	656	0.057926829268292686	24869	24955
(21651,3)(S:DEL31) C21711T(S:S50L)	37	43	0.8604651162790697	21641	21732
G22770A(S:R403K) G22775A(S:D405N) A22786C(S:R408S) G22813T(S:K417N)	34	67	0.5074626865671642	22733	22814
A22786C(S:R408S) G22813T(S:K417N) T22882G(S:N440K) G22895C(S:V445H) T22896A(S:V445H) G22898A(S:G446S) A22910G(S:N450D)	33	124	0.2661290322580645	22778	22910
A22556G(S:I332V) G22577C(S:G339H) G22578A(S:G339H) G22599C(S:R346T)	31	87	0.3563218390804598	22521	22607
C22295A(S:H245N)	29	2077	0.013962445835339432	22292	22321
C21711T(S:S50L) (21764,6)(S:DEL69/70)	29	37	0.7837837837837838	21710	21806
A22629C(S:K356T) C22674T(S:S371F) T22679C(S:S373P) C22686T(S:S375F) A22688G(S:T376A)	27	82	0.32926829268292684	22625	22693
(22000,1)(S:DEL147) T22032C(S:F157S) C22033A(S:F157S) A22034G(S:R158G) G22111T(S:Q183H)	26	223	0.11659192825112108	21997	22147
C22208T(S:L216F) C22295A(S:H245N) C22353A(S:A264D)	26	34	0.7647058823529411	22206	22354
A22556G(S:I332V) G22577C(S:G339H) G22578A(S:G339H) G22599C(S:R346T) A22629C(S:K356T)	24	56	0.42857142857142855	22521	22629
C22674T(S:S371F) T22679C(S:S373P) C22686T(S:S375F) A22688G(S:T376A) G22770A(S:R403K) G22775A(S:D405N) A22786C(S:R408S)	24	44	0.5454545454545454	22665	22791
C22208T(S:L216F)	23	1487	0.01546738399462004	22200	22281
C24990T(S:P1143L)	21	695	0.030215827338129497	24982	24991
T22200G(S:V213G) C22208T(S:L216F) C22295A(S:H245N)	21	872	0.02408256880733945	22199	22302
A22910G(S:N450D) C22916T(S:L452W) T22917G(S:L452W) T22926C(S:L455S) T22928C(S:F456L) T22942A(S:N460K) G22992A(S:S477N) C22995A(S:T478K) T23005A(S:N481K) (23007,3)(S:DEL483) G23012A(S:E484K) T23018C(S:F486P) T23019C(S:F486P)	20	72	0.2777777777777778	22899	23033
A23403G(S:D614G) C23423T(S:P621S) C23525T(S:H655Y)	19	21	0.9047619047619048	23402	23525
A22786C(S:R408S) G22813T(S:K417N) T22882G(S:N440K)	19	164	0.11585365853658537	22782	22890
G22813T(S:K417N) T22882G(S:N440K) G22895C(S:V445H) T22896A(S:V445H) G22898A(S:G446S) A22910G(S:N450D) C22916T(S:L452W) T22917G(S:L452W) T22926C(S:L455S) T22928C(S:F456L)	19	85	0.2235294117647059	22811	22932
G22111T(S:Q183H) (22193,3)(S:DEL212) T22200G(S:V213G)	19	518	0.03667953667953668	22074	22207
C23423T(S:P621S) C23525T(S:H655Y)	18	40	0.45	23421	23536
G22599C(S:R346T) A22629C(S:K356T) C22674T(S:S371F) T22679C(S:S373P) C22686T(S:S375F) A22688G(S:T376A)	17	48	0.3541666666666667	22598	22704
C23525T(S:H655Y)	16	73	0.2191780821917808	23495	23543
A23055G(S:Q498R) A23063T(S:N501Y) T23075C(S:Y505H)	15	254	0.05905511811023622	23035	23099
G22577C(S:G339H) G22578A(S:G339H) G22599C(S:R346T) A22629C(S:K356T) C22674T(S:S371F) T22679C(S:S373P) C22686T(S:S375F) A22688G(S:T376A)	15	29	0.5172413793103449	22571	22706
A22786C(S:R408S) G22813T(S:K417N) T22882G(S:N440K) G22895C(S:V445H) T22896A(S:V445H) G22898A(S:G446S)	14	137	0.10218978102189781	22778	22906
T22882G(S:N440K) G22895C(S:V445H) T22896A(S:V445H) G22898A(S:G446S) A22910G(S:N450D) C22916T(S:L452W) T22917G(S:L452W) T22926C(S:L455S) T22928C(S:F456L) T22942A(S:N460K) G22992A(S:S477N) C22995A(S:T478K) T23005A(S:N481K)	14	47	0.2978723404255319	22856	23005
G21941T(S:V127F) G21987A(S:G142D)	14	1660	0.008433734939759036	21905	21987
C22674T(S:S371F) T22679C(S:S373P) C22686T(S:S375F) A22688G(S:T376A) G22770A(S:R403K) G22775A(S:D405N) A22786C(S:R408S) G22813T(S:K417N)	14	19	0.7368421052631579	22671	22813
T24469A(S:N969K)	13	138	0.09420289855072464	24451	24512
G21941T(S:V127F) G21987A(S:G142D) (21990,3)(S:DEL144) T22032C A22034G(S:R158G)	11	1058	0.010396975425330813	21937	22049
C23271T(S:A570V)	11	24	0.4583333333333333	23269	23387
A22556G(S:I332V) G22577C(S:G339H) G22578A(S:G339H) G22599C(S:R346T) A22629C(S:K356T) C22674T(S:S371F) T22679C(S:S373P) C22686T(S:S375F) A22688G(S:T376A)	11	18	0.6111111111111112	22555	22691
